userId,movieId
1,4226
1,708
1,5573
1,1445
1,1704
1,553
1,1036
1,3628
1,2355
2,33794
2,48516
2,79592
2,2728
2,99114
2,7438
2,107348
2,50872
2,74458
2,413
3,5764
3,2916
3,8196
3,26409
3,6835
3,3702
3,1690
3,1275
4,1185
4,5416
4,8809
4,3851
4,1196
4,176
4,1458
4,2390
4,125
4,8638
5,4160
5,1185
5,4226
5,5446
5,1704
5,2355
5,3317
5,57
5,986
5,926
6,2424
6,708
6,440
6,7
6,552
6,838
6,1036
6,5816
6,1213
6,7160
7,4226
7,2916
7,5541
7,457
7,1258
7,1196
7,1231
7,2355
7,2324
7,185
8,4226
8,165
8,440
8,3752
8,1231
8,5816
8,986
8,252
8,926
9,5952
9,3105
9,2599
9,1291
9,2701
9,913
9,6963
9,215
9,5016
9,2011
10,5952
10,6308
10,95558
10,2728
10,36527
10,7153
10,595
10,4886
10,954
10,1566
11,4160
11,1704
11,1610
11,3147
11,1036
11,1231
11,208
11,2324
11,5880
11,377
12,4359
12,2858
12,1100
12,17
12,435
12,3897
12,57
12,1242
12,3259
13,66785
13,4226
13,1603
13,2728
13,2858
13,1291
13,8810
13,5010
13,1784
13,6874
14,224
14,4226
14,1704
14,494
14,1231
14,8880
14,750
14,1270
14,151
14,381
15,1089
15,260
15,5995
15,3147
15,1196
15,1291
15,2324
15,1240
15,1210
15,1213
16,1249
16,4226
16,3810
16,5416
16,3147
16,5995
16,1394
16,1267
16,1240
16,1148
17,1089
17,4226
17,2916
17,1704
17,3147
17,1196
17,2355
17,1267
17,2324
18,4160
18,4226
18,1704
18,553
18,1036
18,1267
18,1270
18,185
18,1213
19,1249
19,1569
19,353
19,6440
19,1196
19,367
19,2355
19,1270
19,986
19,380
20,313
20,588
20,783
20,595
20,6516
20,5685
20,2804
20,95193
20,986
20,158
21,2915
21,2916
21,3208
21,457
21,810
21,1196
21,588
21,434
21,595
21,2324
22,2083
22,5444
22,2915
22,2694
22,2120
22,2058
22,3147
22,337
22,2324
22,1240
23,224
23,1249
23,4226
23,2630
23,1036
23,3949
23,1199
23,5072
23,1240
23,1212
24,1089
24,4226
24,2918
24,1258
24,3147
24,1036
24,1291
24,1265
24,1394
24,2324
25,5952
25,3752
25,2728
25,1291
25,5995
25,1196
25,7153
25,1272
25,6874
26,1089
26,4226
26,153
26,648
26,1258
26,185
26,350
27,353
27,2916
27,1196
27,588
27,783
27,1042
27,2324
27,1270
27,5816
27,986
28,1089
28,1249
28,6884
28,1196
28,7212
28,2324
28,1270
28,1240
28,991
29,3266
29,903
29,3147
29,1580
29,7086
29,1231
29,2324
29,1270
29,185
29,1213
30,5952
30,260
30,165
30,1704
30,3147
30,1196
30,1291
30,1198
30,6874
31,5625
31,719
31,1042
31,434
31,2355
31,595
31,5878
31,2424
31,185
31,380
32,4160
32,4226
32,996
32,41
32,3317
32,1270
32,2424
32,381
32,926
32,191
33,4160
33,4226
33,838
33,1704
33,3628
33,17
33,3317
33,7354
33,926
34,4226
34,2628
34,3147
34,4299
34,7373
34,2607
34,434
34,2324
34,6548
34,380
35,4226
35,165
35,6440
35,1231
35,1042
35,926
35,440
35,3259
35,252
35,126
36,1250
36,1252
36,25834
36,3147
36,2539
36,2989
36,2289
36,1042
36,5266
36,3543
37,1089
37,3752
37,1610
37,3147
37,1231
37,208
37,19
37,2324
37,1270
37,185
38,4226
38,1704
38,6440
38,3628
38,1100
38,1231
38,1233
38,337
38,215
38,440
39,1089
39,4226
39,648
39,1258
39,1196
39,588
39,1394
39,595
39,1240
39,153
40,1569
40,126
40,838
40,41
40,1042
40,2355
40,986
40,156
40,1246
40,926
41,1089
41,1249
41,1569
41,2985
41,1258
41,1961
41,588
41,3949
41,908
41,1394
42,4226
42,708
42,434
42,4565
42,440
42,216
42,1213
42,926
42,7160
43,708
43,484
43,440
43,7
43,165
43,1199
43,434
43,2355
43,2424
43,986
44,4160
44,1196
44,429
44,5486
44,494
44,464
44,216
44,7354
44,2334
44,95
45,65
45,4226
45,1036
45,1042
45,2355
45,46965
45,1270
45,344
45,926
45,216
46,4226
46,165
46,1704
46,592
46,208
46,2355
46,1267
46,1270
46,185
46,442
47,3147
47,1580
47,1259
47,69712
47,1265
47,1042
47,2324
47,4022
47,2071
47,1272
48,1344
48,2010
48,4226
48,2628
48,5445
48,44
48,780
48,783
48,1690
48,1374
49,1704
49,3147
49,5995
49,1580
49,3916
49,2324
49,1272
49,6874
49,1210
50,1089
50,3266
50,3105
50,904
50,235
50,1200
50,1394
50,1267
50,1240
50,1213
51,66
51,708
51,2424
51,5446
51,5880
51,1267
51,46965
51,4437
51,5816
51,252
52,1249
52,260
52,3147
52,1196
52,588
52,1231
52,595
52,2324
52,2334
53,3810
53,1177
53,2660
53,5544
53,585
53,809
53,2607
53,913
53,25
53,255
54,1258
54,3147
54,2324
55,3654
55,4011
55,2542
55,1587
55,51255
55,1303
55,1207
55,74458
55,52604
55,8798
56,4226
56,344
56,1704
56,592
56,17
56,434
56,785
56,1233
56,440
56,442
57,4226
57,1704
57,719
57,464
57,785
57,337
57,2355
57,1270
57,2390
57,3446
58,4160
58,4226
58,7
58,1704
58,17
58,926
58,1270
58,2424
58,1246
59,353
59,1258
59,5995
59,1196
59,1394
59,1267
59,1240
59,26
59,1727
60,59810
60,3147
60,5995
60,11
60,48
60,2133
60,920
60,158
60,1213
60,350
61,1249
61,4226
61,1729
61,6440
61,296
61,1258
61,3147
61,1270
61,151
61,1213
62,1249
62,4226
62,1089
62,1704
62,3147
62,1036
62,1196
62,2124
62,2324
62,5816
63,1089
63,4226
63,1569
63,3147
63,1196
63,588
63,2355
63,19
63,185
64,4160
64,4226
64,1704
64,1036
64,17
64,2355
64,46965
64,1270
64,986
64,1213
65,5952
65,4226
65,2918
65,457
65,3147
65,5995
65,1259
65,2959
65,1272
65,1625
66,4226
66,7
66,1704
66,5486
66,1199
66,2355
66,1267
66,1270
66,926
67,1089
67,1249
67,2628
67,165
67,3147
67,780
67,2324
67,1270
67,1272
67,2011
68,4226
68,7010
68,553
68,1036
68,783
68,17
68,434
68,46965
68,440
68,216
69,1089
69,4226
69,1258
69,3147
69,1196
69,2324
69,1240
69,413
69,383
70,4160
70,3147
70,5995
70,237
70,1231
70,2324
70,1237
70,2071
70,6936
70,1213
71,457
71,1580
71,494
71,1042
71,2355
71,4565
71,185
71,2427
71,95
72,1089
72,4226
72,1704
72,3147
72,1196
72,1231
72,2324
72,1270
72,185
73,296
73,2985
73,457
73,5679
73,1200
73,337
73,2355
73,2997
73,1272
73,1721
74,6592
74,1089
74,224
74,1545
74,1394
74,1267
74,3317
74,991
74,92
74,1279
75,260
75,2181
75,95558
75,903
75,165
75,1291
75,1196
75,1100
75,1240
76,1089
76,260
76,296
76,1196
76,3949
76,750
76,1394
76,4189
76,2872
76,1213
77,5952
77,260
77,2728
77,1291
77,1196
77,7090
77,6874
77,8636
77,6333
78,1089
78,2916
78,165
78,3208
78,3147
78,1231
78,19
78,2355
78,1240
78,377
79,2916
79,648
79,1545
79,1196
79,1036
79,237
79,1240
79,3706
79,380
79,1213
80,4226
80,1221
80,457
80,1258
80,3147
80,1580
80,1231
80,1270
80,1210
80,1213
81,1376
81,2916
81,648
81,1270
81,1240
82,2916
82,1704
82,553
82,3752
82,377
82,457
82,6548
82,2324
82,1240
82,185
83,1704
83,2985
83,1961
83,3147
83,1200
83,306
83,2324
83,1240
83,1177
83,1208
84,4160
84,4226
84,838
84,11
84,1036
84,371
84,440
84,986
84,381
84,926
85,2020
85,1419
85,5995
85,302
85,1519
85,33166
85,1041
85,529
85,243
85,5015
86,648
86,457
86,3147
86,1196
86,588
86,432
86,2355
86,2324
86,595
86,185
87,2243
87,7619
87,5062
87,3175
87,2599
87,1965
87,6516
87,5685
87,2872
87,2010
88,4226
88,55269
88,296
88,5995
88,3147
88,337
88,3253
88,215
88,3160
88,1213
89,3266
89,5218
89,356
89,6888
89,1066
89,153386
89,3315
89,4343
89,216
89,927
90,4160
90,2885
90,838
90,11
90,597
90,1270
90,3317
90,2424
90,156
90,381
91,4226
91,1704
91,1036
91,1199
91,2355
91,1270
91,26
91,1213
91,926
92,2083
92,1702
92,455
92,2861
92,2096
92,2899
92,5267
92,2901
92,1243
92,42943
93,552
93,1704
93,1231
93,592
93,434
93,4565
93,5816
93,986
93,60
93,126
94,1089
94,1704
94,3147
94,1231
94,1233
94,1270
94,5816
94,185
94,986
95,1249
95,587
95,1196
95,1199
95,17
95,125
95,1270
95,2390
95,986
95,381
96,224
96,1089
96,4226
96,353
96,1704
96,1196
96,1231
96,2355
96,986
96,380
97,260
97,2728
97,3753
97,1258
97,337
97,7032
97,1272
97,6874
97,380
97,1213
98,165
98,903
98,1258
98,1580
98,33166
98,337
98,1394
98,2355
98,2324
98,1265
99,5792
99,165
99,553
99,1100
99,1231
99,592
99,434
99,6548
99,7160
99,185
100,838
100,1004
100,1100
100,494
100,17
100,1042
100,440
100,3259
100,1213
100,191
101,2336
101,407
101,2916
101,260
101,1545
101,4780
101,1968
101,1042
101,215
101,1594
102,1089
102,4226
102,708
102,1610
102,3147
102,588
102,750
102,19
102,2324
102,215
103,4160
103,4226
103,5573
103,7
103,5486
103,2355
103,5816
103,986
103,1213
103,126
104,1249
104,1569
104,8809
104,5995
104,588
104,17
104,2324
104,2779
104,1246
104,1727
105,1249
105,4226
105,1089
105,1036
105,1196
105,1267
105,148
105,1213
105,8638
106,5952
106,3147
106,7373
106,40815
106,8368
106,7153
106,45722
106,5816
106,6874
107,440
107,7
107,1704
107,973
107,719
107,1042
107,2355
107,1267
107,5816
107,1727
108,27744
108,2916
108,302
108,1041
108,17
108,2071
108,3640
108,156
108,381
108,1240
109,4160
109,4226
109,1704
109,11
109,3628
109,1042
109,1270
109,1213
109,440
109,381
110,1089
110,4226
110,4359
110,296
110,4361
110,5995
110,337
110,1394
110,1267
110,1240
111,2915
111,3147
111,2124
111,17
111,595
111,2324
111,6548
111,2804
111,345
111,1213
112,4226
112,1036
112,719
112,1231
112,1042
112,1270
112,344
112,1213
112,216
113,1249
113,1569
113,1258
113,1196
113,302
113,1458
113,1267
113,2324
113,3259
113,4063
114,4896
114,5378
114,2313
114,81834
114,1259
114,40815
114,5816
114,74458
114,8636
114,6333
115,512
115,1089
115,2916
115,3208
115,648
115,1196
115,588
115,432
115,1270
115,926
116,353
116,2916
116,454
116,587
116,208
116,1233
116,2324
116,5878
116,1240
117,4226
117,31973
117,440
117,1704
117,41
117,1042
117,2424
117,26
117,926
118,1089
118,260
118,5995
118,971
118,3948
118,432
118,1394
118,858
118,1213
119,1249
119,1089
119,227
119,10
119,3147
119,588
119,208
119,434
119,2324
119,5880
120,260
120,4677
120,7
120,74
120,1196
120,1394
120,1213
120,2334
121,1704
121,553
121,1036
121,719
121,17
121,1042
121,2355
121,1213
121,440
121,381
122,4226
122,3752
122,2120
122,1267
122,46965
122,1270
122,5816
122,185
122,216
123,1089
123,4226
123,260
123,1258
123,3147
123,1196
123,2959
123,1625
123,6874
124,1089
124,4226
124,1258
124,3147
124,1196
124,1394
124,2355
124,2324
124,344
124,1307
125,224
125,1089
125,2435
125,1704
125,3147
125,750
125,2324
125,215
125,5816
125,442
126,1376
126,4226
126,1704
126,1610
126,3147
126,588
126,1231
126,592
126,2324
126,185
127,6020
127,2565
127,4361
127,5418
127,2387
127,1078
127,8375
127,280
127,2779
127,1212
128,95558
128,903
128,1704
128,1258
128,1196
128,1394
128,951
128,1912
128,927
129,2915
129,1704
129,457
129,1196
129,1270
129,919
129,313
129,442
129,2334
129,95
130,1089
130,1704
130,3752
130,2120
130,1231
130,592
130,1233
130,208
130,185
130,315
131,1089
131,1249
131,4226
131,1258
131,3147
131,3949
131,1394
131,1267
131,1240
132,1089
132,4226
132,1249
132,1545
132,3147
132,7212
132,750
132,2324
132,57
133,4226
133,648
133,3147
133,5995
133,2324
133,1270
133,2779
134,1089
134,4226
134,1704
134,2120
134,1610
134,750
134,592
134,1233
134,1270
134,442
135,4226
135,1704
135,1196
135,719
135,464
135,1233
135,5298
135,2355
135,1270
135,215
136,4226
136,165
136,552
136,1704
136,3628
136,494
136,177
136,434
136,1042
136,1213
137,224
137,1704
137,1258
137,1196
137,237
137,1394
137,2355
137,1267
137,595
137,1240
138,2916
138,3972
138,1033
138,2924
138,7090
138,2133
138,5497
138,3259
138,3996
138,927
139,5952
139,85414
139,1291
139,1196
139,2028
139,1101
139,7153
139,5010
139,89745
140,4226
140,1704
140,1036
140,1231
140,1042
140,4565
140,440
140,986
140,926
140,1727
141,1089
141,260
141,3147
141,1196
141,588
141,3054
141,2355
141,2324
141,595
141,344
142,4160
142,1089
142,4226
142,224
142,1231
142,1233
142,986
142,315
142,351
143,6308
143,1257
143,2858
143,6765
143,5943
143,56176
143,2324
143,4886
143,4343
143,6333
144,1089
144,4226
144,838
144,1704
144,553
144,2120
144,750
144,783
144,1270
144,215
145,1089
145,4226
145,588
145,432
145,1233
145,2355
145,1267
145,595
146,2080
146,2787
146,31685
146,1799
146,4359
146,6631
146,40815
146,1270
146,26394
147,1729
147,5541
147,7
147,553
147,2985
147,2289
147,1784
147,315
147,380
147,1375
148,4896
148,6466
148,7080
148,40815
148,8368
148,5618
148,2324
148,5816
148,40826
148,6365
149,3266
149,260
149,1196
149,1580
149,5072
149,1270
149,2134
149,1240
149,442
150,4160
150,457
150,1036
150,1580
150,719
150,1394
150,597
150,1270
150,381
150,2334
151,325
151,2694
151,1064
151,494
151,3054
151,1042
151,2355
151,146
151,216
151,667
152,1089
152,4226
152,3266
152,1258
152,5995
152,1394
152,1267
152,1240
152,1213
153,7361
153,2918
153,5992
153,457
153,778
153,3408
153,5265
153,50872
153,1625
153,30810
154,98243
154,1580
154,102125
154,5816
154,2355
154,2324
154,59315
154,50872
154,88125
155,780
155,1196
155,2860
155,368
155,34162
155,372
155,1272
155,1210
155,413
156,4226
156,838
156,1231
156,2355
156,371
156,3317
156,1267
156,986
156,381
156,926
157,4226
157,5995
157,1517
157,2353
157,3253
157,4022
157,4886
157,4661
157,2011
157,4734
158,1862
158,77177
158,8874
158,1391
158,93840
158,2353
158,2193
158,4025
158,27674
158,55391
159,2915
159,3147
159,1230
159,1231
159,1265
159,1042
159,2355
159,2324
159,2100
160,4226
160,66
160,2885
160,1704
160,2355
160,1267
160,1270
160,5816
160,986
161,5444
161,745
161,3147
161,235
161,783
161,2289
161,1042
161,2355
161,276
161,1148
162,4160
162,4226
162,838
162,1231
162,592
162,337
162,1042
162,6548
162,1213
162,1246
163,4226
163,50872
163,2709
163,4246
163,440
164,2916
164,165
164,34405
164,260
164,1704
164,1291
164,1580
164,786
164,1240
165,2916
165,260
165,903
165,1704
165,2607
165,432
165,1265
165,153
165,380
166,1249
166,4226
166,1089
166,838
166,3147
166,1196
166,434
166,2355
166,1270
167,3175
167,3147
167,1196
167,1231
167,367
167,5298
167,215
167,216
167,1148
168,1089
168,3266
168,8809
168,1458
168,1267
168,2324
168,594
168,1394
168,1148
168,350
169,708
169,2424
169,440
169,7
169,31973
169,1042
169,2355
169,5816
169,986
169,126
170,1704
170,3147
170,1100
170,783
170,442
170,1233
170,8880
170,5878
170,151
170,986
171,4160
171,4226
171,553
171,1199
171,719
171,2355
171,1267
171,1270
171,4919
171,381
172,260
172,6662
172,1258
172,5995
172,2416
172,2161
172,6707
172,2011
172,2716
172,317
173,1376
173,1569
173,2916
173,838
173,5995
173,1231
173,719
173,2324
173,3446
173,345
174,165
174,2120
174,1231
174,8880
174,17
174,208
174,1270
174,440
174,986
174,252
175,7169
175,8643
175,44613
175,2599
175,6568
175,5073
175,38388
175,47382
175,47516
175,4508
176,4226
176,1704
176,3752
176,3147
176,1100
176,1231
176,1233
176,434
176,1270
176,185
177,1089
177,4226
177,2120
177,1231
177,17
177,3089
177,2355
177,5685
177,6936
178,1089
178,4226
178,1704
178,3147
178,1233
178,434
178,2355
178,442
178,381
179,4226
179,708
179,1704
179,5486
179,464
179,2355
179,597
179,1270
179,216
179,986
180,4226
180,260
180,5444
180,1291
180,1196
180,1265
180,2872
180,858
180,2716
180,1215
181,165
181,79
181,1233
181,1042
181,4565
181,440
181,217
181,986
181,315
181,252
182,838
182,41
182,11
182,1036
182,5486
182,1199
182,381
182,2355
182,1270
182,1213
183,2916
183,165
183,260
183,1704
183,648
183,1267
183,1240
183,377
183,380
183,2334
184,33794
184,111362
184,527
184,3152
184,120625
184,1625
184,1274
184,3994
184,193565
184,44191
185,89281
185,1957
185,1029
185,235
185,588
185,595
185,2355
185,1685
185,215
186,512
186,1376
186,165
186,1196
186,588
186,6936
186,434
186,2355
186,1270
186,5816
187,4226
187,5446
187,6440
187,1196
187,1199
187,1267
187,46965
187,215
187,1213
188,4359
188,903
188,7944
188,235
188,7086
188,2324
188,596
188,2424
188,1212
188,927
189,5952
189,4226
189,2728
189,1258
189,3147
189,5995
189,2324
189,2100
189,6874
189,2716
190,4226
190,356
190,3147
190,5995
190,4016
190,337
190,50872
190,44761
190,858
190,1213
191,4160
191,4226
191,838
191,1036
191,381
191,2355
191,1270
191,986
191,1213
191,926
192,227
192,165
192,1610
192,1231
192,208
192,434
192,1270
192,151
192,315
193,1089
193,260
193,903
193,2985
193,5995
193,1196
193,3949
193,1200
193,337
193,1213
194,7458
194,1078
194,1208
194,3897
194,7614
195,4160
195,4226
195,1036
195,1231
195,1233
195,434
195,46965
195,1270
195,1213
195,381
196,165
196,73017
196,2728
196,588
196,1580
196,1231
196,1042
196,6874
196,1370
196,2334
197,1089
197,1249
197,3681
197,3147
197,1200
197,337
197,1240
197,153
197,4189
198,4160
198,4226
198,1584
198,8371
198,3317
198,1270
198,986
198,381
198,1727
199,4160
199,1089
199,4226
199,457
199,1036
199,1196
199,1231
199,440
199,381
199,926
200,1089
200,4226
200,7
200,1704
200,1196
200,1231
200,17
200,434
200,216
200,185
201,1231
201,1584
201,592
201,208
201,2355
201,1270
201,1213
201,440
201,986
201,381
202,4226
202,440
202,1036
202,1199
202,434
202,2355
202,3317
202,1270
202,5816
202,1727
203,1089
203,1704
203,2728
203,1610
203,3147
203,3916
203,432
203,8695
203,2010
203,2463
204,1089
204,1249
204,4226
204,296
204,1258
204,5995
204,2872
204,4189
204,1208
204,1213
205,5952
205,2407
205,99114
205,97866
205,1196
205,7438
205,40815
205,2324
205,5816
205,88125
206,4160
206,838
206,11
206,973
206,719
206,1042
206,2355
206,3317
206,2424
206,381
207,2993
207,6707
207,1721
207,1371
207,799
208,1272
208,260
208,1221
208,1542
208,1380
208,1704
208,1833
208,1617
208,1240
208,6874
209,1272
209,1258
209,1291
209,3147
209,1198
209,2324
209,50872
209,1721
209,6874
209,2716
210,260
210,2628
210,1196
210,1270
210,1240
210,6874
210,2010
210,2011
210,1374
211,1089
211,4226
211,165
211,6662
211,1032
211,3147
211,1196
211,2324
211,2872
211,1213
212,2985
212,3147
212,1291
212,589
212,1200
212,2872
212,1240
212,2301
212,4189
213,165
213,903
213,1291
213,1580
213,589
213,1198
213,80463
213,2289
213,1240
213,1213
214,30850
215,4226
215,4516
215,260
215,95558
215,5995
215,3147
215,1196
215,1291
215,1265
215,306
216,26
216,4359
216,1033
216,588
216,176
216,595
216,596
216,951
216,986
216,927
217,1376
217,648
217,1610
217,1004
217,1196
217,45
217,434
217,2355
217,215
217,986
218,3266
218,904
218,2683
218,1291
218,7212
218,1262
218,1230
218,3160
218,2779
218,1212
219,1249
219,4226
219,1089
219,3147
219,1196
219,1231
219,434
219,19
219,215
219,185
220,1089
220,4226
220,1196
220,1231
220,434
220,2355
220,1270
220,215
220,185
220,986
221,4226
221,5573
221,1199
221,719
221,3089
221,1267
221,3317
221,1270
221,2390
221,8638
222,1089
222,4226
222,1704
222,296
222,2985
222,1291
222,19
222,2324
222,3704
222,1213
223,2336
223,1257
223,3147
223,4016
223,51925
223,4886
223,5816
223,1625
223,2716
223,6333
224,195
224,1258
224,11
224,5995
224,17
224,1265
224,2324
224,6936
224,380
224,1213
225,312
225,6884
225,3752
225,785
225,595
225,3253
225,215
225,216
225,2395
225,413
226,4226
226,1231
226,464
226,785
226,434
226,592
226,5880
226,1270
226,216
226,1213
227,1089
227,4226
227,648
227,1258
227,3147
227,5995
227,1231
227,2324
227,1270
227,8638
228,4226
228,1603
228,260
228,3147
228,1196
228,1580
228,132462
228,1240
228,1213
228,1375
229,4160
229,165
229,1704
229,719
229,1231
229,434
229,2355
229,986
229,315
229,926
230,2915
230,2628
230,2120
230,809
230,30825
230,1515
230,3916
230,2997
230,1240
230,95
231,1089
231,165
231,1258
231,1291
231,1196
231,1580
231,589
231,1240
231,1210
231,1213
232,1089
232,4226
232,1704
232,3147
232,1196
232,1231
232,2324
232,7894
232,5816
232,345
233,1089
233,4226
233,2985
233,1258
233,3147
233,5995
233,1394
233,2324
233,1213
234,4203
234,1196
234,783
234,1584
234,592
234,367
234,2355
234,6936
234,60
234,126
235,4160
235,1704
235,1231
235,1042
235,1270
235,215
235,440
235,986
235,381
235,926
236,54785
236,1350
236,2791
236,3016
236,1580
236,1389
236,1997
236,4849
236,2353
236,4025
237,1249
237,4226
237,3147
237,780
237,4878
237,80463
237,337
237,1270
237,6874
237,3005
238,1221
238,4359
238,553
238,2058
238,2028
238,1490
238,1620
238,1944
238,440
238,858
239,4226
239,1704
239,553
239,1036
239,2355
239,1270
239,440
239,1213
239,926
240,344
240,708
240,126
240,494
240,17
240,1681
240,2355
240,5816
240,986
240,1246
241,1089
241,4226
241,356
241,2985
241,1258
241,337
241,858
241,1213
241,8638
242,1089
242,4226
242,2120
242,457
242,3147
242,1233
242,1267
242,1270
242,442
242,315
243,4160
243,783
243,464
243,1681
243,434
243,1042
243,6548
243,592
243,1233
243,185
244,1704
244,1610
244,1036
244,3628
244,432
244,434
244,2324
244,437
244,377
244,380
245,5224
245,2355
245,237
246,1249
246,4226
246,1089
246,838
246,6440
246,553
246,1196
246,1199
246,17
246,170355
247,1249
247,4226
247,1089
247,1704
247,3147
247,1196
247,588
247,2355
247,2324
248,111362
248,53125
248,6377
248,1291
248,1198
248,44022
248,45722
248,6874
249,4226
249,1704
249,3628
249,2355
249,1267
249,46965
249,1270
249,6548
249,5816
250,5541
250,2918
250,2181
250,3147
250,7212
250,371
250,596
250,6963
250,7614
251,1089
251,1249
251,4226
251,296
251,1258
251,3147
251,5995
251,1394
251,1267
251,2324
252,8961
252,1704
252,457
252,6377
252,588
252,2355
252,5012
252,2997
252,1303
252,345
253,2824
253,1961
253,302
253,1199
253,913
253,1394
253,5265
253,21
253,951
253,1209
254,1249
254,4226
254,1089
254,1704
254,3147
254,1196
254,1231
254,2355
254,1270
255,3040
255,260
255,2717
255,4749
255,1135
255,19
255,4084
255,4214
255,633
255,2301
256,1249
256,553
256,3147
256,1196
256,5486
256,8371
256,2196
256,5880
256,442
256,380
257,5418
257,44
257,7090
257,4084
257,2581
257,3897
258,4226
258,48516
258,3147
258,5995
258,1259
258,4878
258,36527
258,1265
258,6874
258,2716
259,7619
259,31685
259,6378
259,1517
259,592
259,4016
259,4246
259,1270
259,4886
259,2010
260,224
260,1089
260,4226
260,6440
260,1199
260,3089
260,1267
260,3476
260,2390
261,1089
261,4226
261,48516
261,260
261,296
261,3147
261,2324
261,1208
261,1213
262,4160
262,224
262,196
262,2121
262,1196
262,302
262,17
262,148
262,4312
262,26
263,4160
263,838
263,1704
263,553
263,3628
263,1231
263,17
263,2355
263,440
263,986
264,1376
264,353
264,2120
264,5995
264,588
264,1231
264,48
264,594
264,2355
264,7614
265,4160
265,1376
265,2121
265,3147
265,1196
265,1231
265,208
265,2801
265,1270
266,4226
266,1704
266,6440
266,1036
266,1196
266,785
266,1270
266,215
266,1213
266,926
267,2916
267,1704
267,1258
267,1196
267,1231
267,1199
267,1073
267,3317
267,1240
268,4226
268,2630
268,1196
268,1199
268,786
268,148
268,1047
268,26
268,1213
268,927
269,708
269,1991
269,1036
269,3949
269,2355
269,1270
269,217
269,381
269,2334
269,191
270,4160
270,838
270,11
270,1042
270,2355
270,786
270,597
270,1270
270,3317
270,381
271,320
271,54281
271,7212
271,1580
271,1200
271,3408
271,1270
271,1210
271,4795
271,1375
272,2628
272,457
272,3147
272,780
272,589
272,1259
272,34319
272,33493
272,6874
272,6365
273,215
273,6440
273,337
273,5298
273,2355
273,1267
273,1270
273,3446
273,986
273,926
274,4226
274,1036
274,1199
274,1681
274,434
274,2355
274,1270
274,344
274,986
274,1213
275,4226
275,5573
275,838
275,17
275,2355
275,1270
275,2390
275,986
275,125
275,926
276,65
276,344
276,2424
276,842
276,1231
276,1042
276,2355
276,5816
276,637
276,216
277,65
277,1801
277,1196
277,44
277,1580
277,2355
277,1270
277,1047
277,216
277,95
278,2944
278,4226
278,3556
278,1958
278,2918
278,585
278,3147
278,5995
278,3251
278,4508
279,1089
279,2916
279,1704
279,457
279,1258
279,3147
279,1196
279,1580
279,1240
280,4226
280,3816
280,588
280,17
280,2355
280,2324
280,5685
280,3253
280,2424
280,8638
281,8641
281,33794
281,55269
281,40815
281,2959
281,4084
282,4226
282,1036
282,1196
282,1231
282,2355
282,1267
282,1270
282,1213
282,381
282,1246
283,3175
283,1704
283,1258
283,3147
283,1231
283,785
283,1394
283,2324
283,2134
283,216
284,344
284,552
284,1704
284,494
284,464
284,434
284,1270
284,5816
284,185
284,216
285,1089
285,95558
285,903
285,904
285,971
285,337
285,1267
285,3253
285,5341
285,1213
286,1089
286,4226
286,165
286,1704
286,1036
286,588
286,1231
286,2324
286,185
286,380
287,224
287,3395
287,5573
287,5446
287,5995
287,1199
287,1394
287,2804
287,3253
287,2779
288,708
288,1704
288,6440
288,2120
288,3628
288,2607
288,2355
288,1270
288,986
288,926
289,48416
289,3266
289,1090
289,6440
289,3147
289,3250
289,4242
289,2997
289,1213
289,5023
290,4160
290,4226
290,6440
290,237
290,1231
290,2355
290,1267
290,440
290,986
290,381
291,4896
291,33794
291,111362
291,1704
291,81834
291,40815
291,8368
291,2355
291,44022
291,5816
292,2916
292,648
292,1610
292,3147
292,1196
292,588
292,1233
292,2355
292,2324
292,377
293,3160
293,457
293,1258
294,1376
294,1089
294,353
294,1196
294,7212
294,1391
294,432
294,785
294,2324
294,46965
295,1089
295,4226
295,1729
295,95558
295,296
295,3147
295,1199
295,46965
295,1213
295,158
296,1272
296,1089
296,4226
296,3681
296,356
296,1704
296,3147
296,5995
296,2324
296,50872
297,1249
297,4226
297,5416
297,648
297,1610
297,1258
297,1036
297,750
297,1598
298,1089
298,4226
298,2916
298,1196
298,107408
298,1270
298,215
298,1240
298,1213
299,2787
299,1350
299,3753
299,8810
299,1995
299,3147
299,1291
299,1389
299,4022
299,2717
300,356
300,1258
300,3147
300,5995
300,2959
300,306
300,2324
300,1272
300,1721
300,6874
301,4160
301,4226
301,48516
301,165
301,838
301,3752
301,719
301,434
301,926
302,4160
302,4226
302,838
302,1704
302,11
302,1196
302,719
302,3317
302,381
302,926
303,260
303,1580
303,589
303,1240
303,1210
303,3160
303,1374
303,1375
304,1569
304,2424
304,440
304,434
304,2355
304,3317
304,1270
304,5816
304,95193
304,926
305,4226
305,165
305,6440
305,553
305,6548
305,46965
305,1270
305,215
305,1213
306,8961
306,72737
306,4069
306,56389
306,49286
306,65230
306,56174
306,2355
306,59258
306,27772
307,4226
307,5573
307,2694
307,750
307,5298
307,2355
307,215
307,344
307,1213
308,2918
308,1257
308,2124
308,783
308,4016
308,1265
308,594
308,5971
308,2872
308,158
309,4226
309,95558
309,903
309,3147
309,5995
309,37741
309,1073
309,1912
309,1212
309,927
310,3040
310,3266
310,903
310,745
310,1291
310,237
310,1237
310,3317
310,1148
310,2334
311,2313
311,3737
311,3147
311,5625
312,5446
312,1704
312,2120
312,648
312,1036
312,1196
312,1267
312,2324
312,1270
312,1213
313,512
313,4226
313,5573
313,1199
313,17
313,434
313,3476
313,46965
313,1270
314,4226
314,838
314,440
314,1704
314,41
314,1196
314,1231
314,1042
314,276
314,2424
315,1250
315,4359
315,4327
315,37741
315,33166
315,3089
315,2194
315,1235
315,6270
315,7614
316,8809
316,7438
316,4878
316,4720
316,19
316,371
316,1721
316,6874
317,4226
317,1704
317,1036
317,1196
317,208
317,1267
317,1270
317,215
317,1213
318,1089
318,4226
318,3051
318,1036
318,750
318,31952
318,170355
318,1270
318,215
318,6330
319,1249
319,95558
319,1704
319,3147
319,588
319,5995
319,595
319,2324
319,1213
320,48322
320,111362
320,69122
320,37830
320,7376
320,1617
320,59315
320,33493
320,3678
321,1231
321,1584
321,592
321,719
321,208
321,276
321,435
321,5816
321,315
321,252
322,1089
322,4226
322,3266
322,95558
322,3147
322,1231
322,434
322,1394
322,440
323,1089
323,4226
323,2120
323,3147
323,1196
323,588
323,1233
323,5816
323,26
323,991
324,7619
324,5668
324,7209
324,30825
324,2924
324,5329
324,1394
324,1042
324,75416
324,1213
325,3015
325,1036
325,1199
325,1267
325,3317
325,1270
325,4695
325,917
325,311
325,1279
326,1089
326,4226
326,1249
326,1704
326,1258
326,3147
326,5995
326,337
326,2324
326,185
327,4226
327,6662
327,3752
327,745
327,3147
327,1231
327,6936
327,337
327,2324
327,216
328,1089
328,4226
328,3147
328,1196
328,5995
328,594
328,2355
328,596
328,986
329,55269
329,3147
329,3949
329,2352
329,337
329,529
329,4786
329,136850
329,130482
329,921
330,4226
330,3752
330,2120
330,719
330,2355
330,3317
330,1270
330,215
330,442
330,381
331,1089
331,1249
331,4226
331,1258
331,3147
331,1391
331,1394
331,2872
331,858
331,1213
332,1089
332,4226
332,353
332,3147
332,5995
332,2355
332,1267
332,2324
332,1240
333,66785
333,3719
333,2728
333,3567
333,337
333,4374
334,1089
334,260
334,2628
334,1196
334,588
334,2872
334,2324
334,2100
334,1240
334,1148
335,1089
335,4226
335,153
335,1704
335,553
335,3147
335,2324
335,1240
335,377
335,413
336,4226
336,1704
336,553
336,1036
336,1100
336,1231
336,2355
336,46965
336,252
337,708
337,838
337,7
337,3816
337,1036
337,1584
337,381
337,2355
337,667
337,1213
338,1089
338,4226
338,1258
338,3147
338,5995
338,7438
338,80463
338,858
338,1213
339,6592
339,4226
339,5416
339,3147
339,1036
339,1231
339,2355
339,1267
339,2324
339,1213
340,1089
340,1704
340,2120
340,750
340,1231
340,592
340,1233
340,434
340,208
340,185
341,4896
341,6308
341,165
341,3301
341,1552
341,34162
341,2355
341,216
341,377
341,4025
342,1
342,4226
342,6881
342,1291
342,4343
342,80880
342,215
342,2011
342,2334
342,157407
343,1089
343,4226
343,296
343,1258
343,3147
343,5995
343,1291
343,80463
343,1240
343,858
344,260
344,1704
344,3147
344,1196
344,2324
344,2804
344,2100
344,377
344,2011
344,95
345,779
345,80463
345,1200
345,17
345,38164
345,21
345,4024
345,1210
345,4795
345,927
346,1249
346,4226
346,1569
346,3266
346,5446
346,838
346,299
346,4562
346,1267
346,1213
347,344
347,3752
347,2120
347,1231
347,17
347,434
347,2355
347,6936
347,440
347,986
348,1089
348,4226
348,1258
348,3147
348,1196
348,5995
348,432
348,1394
348,1267
348,1240
349,224
349,1089
349,1610
349,1233
349,434
349,19
349,6548
349,185
349,986
349,1727
350,2660
350,260
350,3175
350,1196
350,2355
350,3253
350,1270
350,1047
350,1374
350,95
351,1089
351,4226
351,2916
351,842
351,1258
351,2858
351,3949
351,2324
351,919
351,50872
352,1376
352,1089
352,4226
352,3147
352,1196
352,5995
352,432
352,2324
352,1240
353,4226
353,344
353,440
353,1036
353,2355
353,1270
353,5816
353,986
353,381
353,7160
354,1089
354,4226
354,3147
354,1196
354,1231
354,1267
354,46965
354,1270
354,185
355,4361
355,2858
355,1291
355,780
355,6030
355,25937
355,6385
355,1270
355,1783
355,1177
356,224
356,3147
356,719
356,5298
356,1042
356,2324
356,3253
356,1270
356,151
356,442
357,4226
357,838
357,1704
357,2120
357,1196
357,237
357,17
357,2355
357,5685
357,986
358,2336
358,31685
358,7080
358,2858
358,5324
358,37741
358,1243
358,6765
358,4878
358,1339
359,1089
359,2916
359,1258
359,5995
359,1580
359,432
359,1265
359,2355
359,3317
359,919
360,4226
360,1252
360,3946
360,47950
360,1518
360,1620
360,1717
360,1687
360,440
360,2010
361,3617
361,6378
361,4718
361,95441
361,5010
361,3731
361,5267
361,4343
361,73017
361,1722
362,1249
362,4226
362,1089
362,1704
362,1036
362,1196
362,1267
362,46965
362,1213
362,1246
363,1089
363,4226
363,2918
363,296
363,1291
363,3147
363,719
363,1968
363,50872
363,2683
364,1196
364,1580
364,494
364,719
364,786
364,2355
364,50
364,2334
364,95
365,260
365,1257
365,3147
365,1259
365,3916
365,1243
365,2324
365,50872
365,2395
366,5952
366,4226
366,165
366,1704
366,296
366,2728
366,778
366,1272
366,45722
366,1240
367,3912
367,3147
367,1196
367,11
367,1231
367,17
367,2355
367,2324
367,345
367,3324
368,1249
368,4226
368,1704
368,1036
368,1196
368,208
368,1233
368,151
368,1213
369,2946
369,260
369,6662
369,3208
369,3949
369,1042
369,344
369,76763
369,1375
370,1089
370,4226
370,153
370,1258
370,1291
370,3949
370,215
370,1240
370,377
370,4189
371,741
371,6790
371,2087
371,2985
371,3147
371,783
371,5072
371,1200
371,1391
371,153
372,4226
372,26
372,11
372,1036
372,1270
372,1213
372,440
372,986
372,381
373,4226
373,1704
373,1036
373,719
373,1267
373,1270
373,1213
373,986
373,381
374,1089
374,2916
374,1704
374,3752
374,3147
374,592
374,1233
374,19
374,2324
374,377
375,4898
375,260
375,836
375,3147
375,6162
375,19
375,2324
375,1270
375,892
375,349
376,165
376,1610
376,1196
376,1231
376,208
376,1233
376,434
376,1270
376,5878
376,252
377,224
377,2916
377,4359
377,2124
377,333
377,1231
377,1200
377,1270
377,94262
377,986
378,4160
378,457
378,1258
378,3147
378,588
378,5995
378,2959
378,337
378,2355
378,858
379,165
379,1704
379,1610
379,1231
379,208
379,1233
379,2324
379,377
379,986
379,350
380,344
380,842
380,1036
380,5486
380,1681
380,434
380,2355
380,1270
380,5816
380,986
381,4226
381,2120
381,588
381,1042
381,2324
381,5685
381,5816
381,380
381,252
381,413
382,1089
382,4226
382,1569
382,3147
382,1196
382,5995
382,1231
382,2355
382,2324
382,8638
383,2336
383,356
383,2918
383,904
383,587
383,1231
383,1263
383,1303
383,2010
383,7292
384,1089
384,6947
384,2916
384,165
384,648
384,19
384,215
384,1208
384,126
385,2985
385,4780
385,237
385,1196
385,1231
385,337
385,2355
385,1270
385,7354
385,926
386,1089
386,553
386,1258
386,2159
386,464
386,210
386,7894
386,986
386,1213
386,926
387,4226
387,553
387,1196
387,3089
387,1267
387,2390
387,215
387,6330
387,1307
388,8961
388,5218
388,33615
388,1265
388,4886
388,44022
388,42009
388,26778
389,838
389,7
389,1036
389,494
389,1042
389,2355
389,1270
389,88
389,381
389,216
390,6592
390,2019
390,55269
390,6790
390,1704
390,1545
390,6440
390,5995
390,337
390,4246
391,4226
391,1704
391,1036
391,1199
391,1231
391,3089
391,1267
391,3317
391,1270
391,381
392,2313
392,1291
392,1517
392,337
392,2321
392,4661
392,4343
392,216
392,1721
392,858
393,1249
393,3266
393,6790
393,1704
393,296
393,648
393,1291
393,2985
393,1198
393,349
394,4226
394,1704
394,648
394,2324
394,315
394,383
395,353
395,2916
395,1704
395,2986
395,208
395,432
395,8371
395,5878
395,442
396,1249
396,4226
396,904
396,745
396,3147
396,2959
396,48
396,2355
396,280
396,1148
397,1185
397,3266
397,2058
397,971
397,1965
397,3152
397,4562
397,170355
397,2290
397,1307
398,4361
398,1291
398,37741
398,7086
398,33166
398,1265
398,594
398,1270
398,2872
398,62
399,1089
399,260
399,1258
399,5995
399,1196
399,1291
399,2355
399,2324
399,2011
400,1089
400,1249
400,4226
400,1258
400,3147
400,1036
400,1196
400,2324
400,1240
401,5218
401,6377
401,85261
401,4366
401,48
401,4016
401,4886
401,4246
401,2872
401,313
402,1089
402,227
402,588
402,494
402,79
402,464
402,786
402,2196
402,185
402,380
403,2944
403,1089
403,4226
403,1704
403,296
403,7438
403,1198
403,2959
403,5298
403,858
404,165
404,838
404,1704
404,3147
404,719
404,442
404,1233
404,1042
404,440
404,986
405,1249
405,1089
405,1704
405,750
405,1267
405,46965
405,1270
405,1213
405,442
405,381
406,61071
406,34162
406,5620
406,56949
406,5943
406,57
406,637
407,5952
407,4226
407,260
407,5418
407,1196
407,1198
407,7153
407,45722
407,1272
407,6874
408,260
408,165
408,3147
408,1196
408,1291
408,5072
408,434
408,19
408,344
409,1089
409,6440
409,1258
409,3147
409,1196
409,17
409,1394
409,1267
409,7285
409,215
410,1569
410,708
410,3147
410,176
410,3089
410,3317
410,597
410,4312
410,3161
410,4063
411,4226
411,440
411,1704
411,1042
411,2355
411,1267
411,5816
411,986
411,1246
411,926
412,838
412,648
412,457
412,1258
412,904
412,1394
412,2390
412,986
412,1213
412,927
413,1089
413,648
413,1258
413,5995
413,3147
413,33166
413,858
413,1213
413,95
414,4226
414,708
414,838
414,17
414,2355
414,1270
414,440
414,986
414,926
415,1089
415,4226
415,3147
415,1196
415,1231
415,719
415,1267
415,215
415,1307
416,1089
416,3266
416,4226
416,5446
416,6790
416,2985
416,908
416,302
416,1391
416,1394
417,1089
417,4226
417,2985
417,1258
417,3147
417,3949
417,750
417,337
417,2324
417,1213
418,1089
418,4226
418,165
418,1258
418,3147
418,5995
418,3949
418,1267
418,2324
418,4189
419,1089
419,4226
419,1704
419,5416
419,3147
419,208
419,1267
419,216
419,1307
420,1089
420,3266
420,31973
420,3147
420,588
420,5995
420,235
420,2355
420,2324
420,595
421,31973
421,95558
421,903
421,4359
421,1258
421,5995
421,3147
421,49647
421,6936
421,2268
422,3105
422,3266
422,95558
422,3147
422,1196
422,1580
422,913
422,337
422,2355
422,1213
423,256
423,1089
423,2916
423,2791
423,1704
423,648
423,3147
423,1231
423,2324
423,1240
424,1249
424,4226
424,1089
424,1258
424,588
424,750
424,50
424,1267
424,1307
425,4226
425,1704
425,2120
425,1036
425,719
425,31952
425,46965
425,1270
425,442
426,224
426,2916
426,587
426,588
426,2324
426,5878
426,5816
426,345
426,2779
426,1246
427,1089
427,1729
427,1090
427,1704
427,2959
427,1201
427,4881
427,2712
427,1242
427,1213
428,1089
428,741
428,2120
428,296
428,2985
428,367
428,5072
428,5298
428,2804
428,215
429,165
429,3628
429,1100
429,1231
429,783
429,1233
429,7160
429,185
429,252
429,126
430,3105
430,260
430,3147
430,1237
430,2712
430,3515
430,1213
430,1374
430,1375
431,1729
431,4226
431,161
431,2791
431,2289
432,4226
432,165
432,1704
432,2120
432,1100
432,588
432,2324
432,5816
432,25
432,381
433,1089
433,4226
433,5957
433,296
433,1258
433,3147
433,3949
433,2959
433,1394
434,1249
434,4226
434,1089
434,1704
434,3752
434,1036
434,1196
434,1231
434,2355
434,1267
435,4226
435,2694
435,3147
435,783
435,337
435,2001
435,1213
435,858
435,60
435,4221
436,454
436,3147
436,1231
436,783
436,1233
436,2355
436,2324
436,5685
436,5816
436,986
437,4160
437,4226
437,838
437,1036
437,597
437,1270
437,1213
437,381
437,1246
438,1704
438,1036
438,719
438,434
438,2355
438,1042
438,6548
438,1270
438,440
438,216
439,1
439,165
439,1291
439,3147
439,5995
439,589
439,3916
439,2324
439,1272
439,6874
440,6370
440,5445
440,6790
440,3175
440,1545
440,1580
440,1199
440,1200
440,7217
440,1240
441,1089
441,4226
441,260
441,165
441,296
441,1258
441,1196
441,434
441,1240
441,442
442,2908
442,4361
442,1231
442,362
442,1272
442,524
442,3363
442,1186
442,2020
442,3752
443,1089
443,1704
443,3147
443,1196
443,2959
443,337
443,1394
443,2355
443,2324
443,50872
444,4226
444,1704
444,6440
444,1036
444,1267
444,3317
444,6330
444,1213
444,926
445,1249
445,4226
445,1089
445,1704
445,648
445,1258
445,299
445,1196
445,1270
445,1240
446,4226
446,838
446,3628
446,494
446,719
446,1270
446,215
446,440
446,986
447,1704
447,2120
447,1100
447,1231
447,592
447,1681
447,5816
447,185
447,315
447,1246
448,4226
448,2083
448,1233
448,434
448,2355
448,6548
448,215
448,185
448,1213
449,1249
449,4226
449,1250
449,3147
449,5995
449,2959
449,1968
449,1721
449,1270
449,4025
450,903
450,1704
450,457
450,1196
450,337
450,1267
450,2804
450,919
450,1240
450,7614
451,838
451,648
451,1036
451,494
451,719
451,464
451,2355
451,1270
451,7354
451,381
452,4226
452,1704
452,553
452,1196
452,592
452,1681
452,434
452,785
452,46965
452,5880
453,4226
453,1704
453,553
453,464
453,2355
453,46965
453,1270
453,216
453,986
454,1089
454,6370
454,903
454,296
454,908
454,1997
454,1968
454,1972
454,1212
454,4030
455,224
455,1704
455,457
455,3147
455,1233
455,1042
455,151
455,440
455,57
455,986
456,457
456,1196
456,973
456,719
456,79
456,146
456,2355
456,50
456,667
456,191
457,1376
457,1704
457,1196
457,1073
457,1265
457,215
457,2872
457,2011
457,2334
457,1375
458,3816
458,1704
458,494
458,1231
458,592
458,17
458,434
458,1042
458,5816
458,926
459,4896
459,8961
459,1196
459,3916
459,40815
459,4016
459,7090
459,5971
459,6874
459,6333
460,4608
460,55269
460,3147
460,2539
460,1231
460,2355
460,2324
460,50872
460,2010
460,2395
461,2918
461,1258
461,587
461,3147
461,1265
461,2324
461,50872
461,858
461,252
462,4226
462,5446
462,3147
462,1196
462,176
462,1267
462,3038
462,2390
462,215
462,926
463,1089
463,1704
463,1320
463,5995
463,1370
463,2324
463,3030
463,1690
463,344
463,858
464,4226
464,1704
464,1196
464,1213
464,151
464,185
464,315
464,381
464,1246
464,7007
465,648
465,1610
465,5995
465,1258
465,1267
465,2324
465,1240
465,3706
465,350
466,4226
466,88163
466,2728
466,3916
466,5872
466,2324
466,3510
466,6874
466,6333
466,3999
467,161
467,2020
467,4313
467,2858
467,5995
467,3317
467,3897
467,1272
467,3161
467,26
468,4226
468,1704
468,2120
468,1231
468,208
468,17
468,2355
468,1270
468,151
468,315
469,4226
469,1704
469,1004
469,1196
469,1199
469,371
469,2355
469,1267
469,1270
470,4160
470,1704
470,457
470,11
470,3147
470,592
470,208
470,2355
470,151
470,986
471,1089
471,4226
471,8961
471,356
471,5995
471,55820
471,4878
471,4016
471,2355
471,30810
472,4226
472,75
472,3147
472,3005
472,337
472,33171
472,2804
472,4600
472,858
472,1213
473,1249
473,4226
473,7361
473,3147
473,2959
473,131920
473,1042
473,6773
473,2232
473,1307
474,4160
474,4226
474,838
474,17
474,2355
474,371
474,1270
474,986
474,1213
474,926
475,1376
475,353
475,344
475,1196
475,588
475,595
475,2804
475,5816
475,185
475,1240
476,31973
476,783
476,1231
476,1233
476,337
476,2355
476,1270
476,5816
476,986
476,8638
477,4226
477,66
477,1231
477,1584
477,2355
477,1270
477,5816
477,986
477,125
477,216
478,454
478,4299
478,919
478,1210
478,44191
479,5537
479,1258
479,1196
479,302
479,242
479,4024
479,2362
479,156
479,4221
479,350
480,4226
480,48516
480,5573
480,1704
480,1036
480,434
480,1267
480,1270
480,986
480,1213
481,90243
481,2020
481,1252
481,2858
481,499
481,51540
481,440
482,1376
482,4226
482,165
482,208
482,1042
482,1270
482,5878
482,5816
482,153
482,95
483,4226
483,1704
483,41
483,5486
483,1199
483,2355
483,1270
483,5816
483,185
483,1213
484,4226
484,93320
484,3051
484,783
484,208
484,17
484,785
484,2355
484,216
484,1307
485,1376
485,165
485,1610
485,1231
485,208
485,1233
485,434
485,2324
485,5878
485,185
486,1704
486,1036
486,1231
486,464
486,1681
486,434
486,592
486,4565
486,1270
486,926
487,5952
487,7361
487,4226
487,903
487,1196
487,4878
487,1265
487,7153
487,4886
488,4160
488,224
488,838
488,648
488,1258
488,3147
488,5995
488,237
488,588
488,2355
489,1249
489,1089
489,838
489,5446
489,1704
489,2120
489,783
489,2424
489,57
489,1727
490,6592
490,1089
490,296
490,1545
490,1258
490,299
490,2985
490,6874
490,6270
490,8638
491,1344
491,353
491,2915
491,457
491,2860
491,2324
491,2804
491,2100
491,4246
491,6936
492,4160
492,66
492,708
492,79
492,1042
492,2355
492,88
492,217
492,667
492,191
493,1704
493,553
493,648
493,169992
493,1196
493,1036
493,1240
493,153
493,1213
493,2334
494,3681
494,260
494,165
494,1704
494,1291
494,1196
494,1240
494,1210
494,1213
495,4226
495,2694
495,3752
495,3147
495,1231
495,6936
495,6548
495,215
495,344
495,216
496,5952
496,30816
496,33794
496,95558
496,903
496,7153
496,858
496,1213
496,156607
497,3266
497,2985
497,1258
497,1291
497,337
497,1394
497,1267
497,2804
497,344
497,1213
498,1089
498,2694
498,1704
498,3752
498,457
498,1231
498,1233
498,1042
498,2424
498,216
499,3681
499,1961
499,3819
499,5515
499,1201
499,7027
499,919
499,1209
499,2301
500,2916
500,2694
500,11
500,1196
500,1816
500,5298
500,2355
500,2324
500,216
500,125
501,708
501,5486
501,494
501,719
501,434
501,2424
501,442
501,2427
501,540
501,95
502,2599
502,745
502,2985
502,3147
502,1580
502,1965
502,1262
502,594
502,344
502,1690
503,1089
503,3810
503,48516
503,3147
503,5995
503,1391
503,1394
503,2324
503,1307
503,1213
504,3552
504,1089
504,3
504,7141
504,457
504,7212
504,1230
504,2355
504,3897
504,380
505,4226
505,616
505,4105
505,1258
505,1261
505,135534
505,594
505,91094
505,2078
505,1215
506,6466
506,902
506,104841
506,3148
506,52973
506,8366
506,80463
506,93840
506,17
506,5073
507,2916
507,648
507,2324
507,5878
507,986
507,380
508,1208
508,2011
508,2701
508,1270
509,1196
509,588
509,17
509,2355
509,19
509,5685
509,1270
509,2804
509,344
509,4189
510,3266
510,4226
510,1090
510,5573
510,165
510,648
510,1291
510,21
510,8375
510,1213
511,4226
511,356
511,5445
511,5353
511,1291
511,3147
511,5995
511,2324
511,1527
511,6874
512,4226
512,1704
512,3628
512,1231
512,208
512,17
512,1233
512,1270
512,185
513,1089
513,3266
513,1704
513,6440
513,648
513,3147
513,1196
513,1258
513,1231
513,1270
514,1089
514,4226
514,1196
514,1231
514,1233
514,1042
514,2355
514,2390
514,440
514,986
515,4226
515,5995
515,3147
515,1196
515,1259
515,2324
515,1272
515,74458
515,44191
516,2916
516,2502
516,648
516,2410
516,1291
516,1196
516,1265
516,4886
516,1371
516,62
517,1569
517,3147
517,588
517,302
517,1265
517,2355
517,2804
517,345
517,986
517,317
518,2985
518,1833
518,1261
518,1042
518,1587
518,280
518,2746
518,2779
518,2973
518,1375
519,4963
519,48516
519,3301
519,30825
519,6378
519,3147
519,2959
519,2324
519,50872
519,3006
520,2120
520,3147
520,434
520,2804
520,1270
520,344
520,2779
520,3740
520,413
520,1240
521,4160
521,217
521,11
521,1036
521,5486
521,597
521,3317
521,4565
521,6201
521,381
522,1376
522,1089
522,4226
522,353
522,1704
522,3147
522,1196
522,434
522,5298
522,215
523,1249
523,353
523,3147
523,588
523,5995
523,6936
523,1265
523,2324
523,596
523,5816
524,4226
524,6440
524,1036
524,3628
524,494
524,1231
524,1196
524,1233
524,434
524,2355
525,1249
525,4226
525,3147
525,1196
525,588
525,1231
525,17
525,2355
525,2324
525,252
526,1089
526,580
526,2918
526,1961
526,1258
526,3147
526,3819
526,3949
526,1394
526,8638
527,1376
527,2916
527,1196
527,588
527,432
527,595
527,1015
527,5816
527,986
527,350
528,1089
528,165
528,1704
528,648
528,1258
528,3949
528,1231
528,2324
528,1240
528,858
529,44
529,1196
529,494
529,1580
529,1270
529,1047
529,637
529,2334
529,95
530,648
530,1610
530,11
530,1231
530,208
530,1267
530,2324
530,5878
530,440
530,350
531,2916
531,1258
531,1291
531,1196
531,3147
531,1198
531,434
531,4022
531,1213
531,2334
532,2916
532,1704
532,648
532,1258
532,3147
532,1036
532,5995
532,1267
532,4597
532,1240
533,1350
533,3147
533,1580
533,1261
533,1389
533,2355
533,2324
533,1690
533,4025
533,1210
534,4226
534,344
534,783
534,1681
534,434
534,2355
534,5816
534,986
534,60
534,216
535,2716
535,2630
535,95441
535,1585
535,4343
535,1721
535,6874
535,3515
535,348
536,224
536,1704
536,457
536,1610
536,1231
536,371
536,2324
536,2901
536,57
536,315
537,5952
537,353
537,48516
537,82053
537,6378
537,3147
537,1259
537,2959
537,7153
537,6874
538,3175
538,2791
538,588
538,37741
538,1265
538,595
538,344
538,60
538,7614
539,8961
539,836
539,3147
539,1230
539,4016
539,1265
539,1587
539,4886
539,44022
539,88
540,1272
540,1089
540,4226
540,260
540,1196
540,2959
540,919
540,1240
540,6874
541,4226
541,440
541,472
541,1704
541,490
541,1233
541,434
541,337
541,2424
541,7160
542,4226
542,3147
542,588
542,2124
542,719
542,1200
542,594
542,2324
542,596
542,919
543,3752
543,377
543,588
543,19
543,595
543,185
543,380
543,637
543,255
544,55110
544,457
544,619
544,494
544,7440
544,5521
544,626
544,1042
544,4828
545,2944
545,2561
545,49286
545,2985
545,5418
545,1515
545,111
545,1372
546,2916
546,6695
546,3208
546,1972
546,46965
546,1077
546,216
546,3160
546,1500
546,1240
547,6790
547,5224
547,4426
547,909
547,4881
547,824
547,1240
547,3897
547,506
547,3359
548,3360
548,1957
548,168712
548,2728
548,785
548,5267
548,2324
548,49910
548,6874
548,2334
549,1249
549,4226
549,33794
549,165
549,74458
549,1291
549,3147
549,1272
549,1625
549,6874
550,33794
550,111362
550,48516
550,3147
550,102125
550,56174
550,2355
550,2324
550,6874
551,1249
551,4226
551,165
551,457
551,1258
551,3147
551,2324
551,1240
551,2011
551,380
552,1089
552,3266
552,3105
552,6440
552,5995
552,2324
552,2804
552,596
552,919
552,1240
553,1249
553,4226
553,1089
553,1221
553,4203
553,1036
553,51091
553,1270
553,185
553,1213
554,1545
554,1258
554,299
554,588
554,5995
554,595
554,5015
554,5880
554,5530
554,1213
555,65
555,4226
555,708
555,1199
555,1584
555,17
555,2355
555,1270
555,216
555,926
556,4896
556,5952
556,40815
556,7153
556,42738
556,595
556,5816
556,45722
556,1339
557,1344
557,165
557,457
557,3147
557,5995
557,1198
557,1231
557,434
557,19
557,185
558,2915
558,1798
558,1258
558,3147
558,1580
558,2858
558,34162
558,919
558,1208
558,215
559,4160
559,7010
559,472
559,1704
559,1036
559,494
559,2355
559,3317
559,5816
559,986
560,1249
560,4226
560,1089
560,1704
560,1196
560,1231
560,46965
560,215
560,6330
561,1249
561,4226
561,1089
561,1704
561,1036
561,1196
561,2355
561,1270
561,5816
562,224
562,1089
562,4226
562,1704
562,3147
562,588
562,2355
562,2324
562,1015
562,215
563,2915
563,95558
563,1033
563,235
563,588
563,7086
563,48
563,595
563,2324
563,1177
564,2701
564,1230
564,4718
564,34162
564,2395
564,2100
564,1270
564,4343
564,345
564,2011
565,1089
565,4226
565,1569
565,457
565,3147
565,2324
565,1270
565,986
565,380
566,4226
566,2424
566,838
566,440
566,1704
566,719
566,17
566,1270
566,5816
566,926
567,1248
567,3111
567,4552
567,48394
567,48780
567,6093
567,94959
567,80463
567,2387
567,58301
568,2144
568,1089
568,4226
568,4641
568,1258
568,971
568,2291
568,2324
568,1593
568,76763
569,1376
569,1089
569,165
569,1610
569,592
569,434
569,19
569,1270
569,185
569,380
570,1569
570,648
570,1610
570,3147
570,1231
570,2355
570,2324
570,1270
570,185
570,381
571,2791
571,2120
571,4105
571,5128
571,3147
571,908
571,6299
571,366
571,442
571,2011
572,838
572,457
572,3147
572,1196
572,1231
572,1042
572,2355
572,1267
572,2324
572,926
573,4226
573,1704
573,553
573,1036
573,434
573,2355
573,5816
573,185
573,216
574,1376
574,4226
574,1704
574,3752
574,3147
574,1231
574,208
574,1233
574,1270
574,315
575,1089
575,1380
575,2502
575,7079
575,3147
575,4011
575,4629
575,26870
575,6874
575,2623
576,1377
576,5444
576,2502
576,2193
576,2517
576,1722
576,1882
576,2973
576,799
577,2916
577,1704
577,648
577,3147
577,1196
577,1036
577,5995
577,432
577,2324
577,377
578,50274
578,3524
578,56389
578,4359
578,936
578,5066
578,65230
578,75446
578,5303
578,1727
579,353
579,7010
579,2916
579,838
579,1704
579,588
579,783
579,2355
579,2324
579,345
580,4226
580,1704
580,1036
580,1267
580,46965
580,1270
580,1213
580,7160
580,381
581,4226
581,356
581,778
581,3147
581,5995
581,1259
581,3916
581,2324
581,50872
581,2716
582,4226
582,260
582,74458
582,63113
582,1258
582,1196
582,40815
582,8368
582,1625
582,6874
583,1089
583,2694
583,2858
583,588
583,17
583,2324
583,6936
583,313
583,1243
583,1566
584,4226
584,1704
584,783
584,1231
584,208
584,434
584,2355
584,7160
584,60
584,126
585,1089
585,65
585,1729
585,1221
585,903
585,1267
585,51091
585,215
585,1213
586,1704
586,3147
586,1196
586,11
586,432
586,1233
586,1270
586,5878
586,5816
586,377
587,4226
587,6440
587,719
587,2355
587,276
587,3317
587,1270
587,440
587,252
587,926
588,1089
588,4226
588,1704
588,457
588,1036
588,1233
588,215
588,185
588,1307
588,1213
589,4160
589,1089
589,3752
589,6440
589,3147
589,237
589,1231
589,8880
589,1267
589,381
590,1089
590,4226
590,1704
590,3147
590,1196
590,1231
590,1233
590,2355
590,1267
590,2324
591,2336
591,1
591,1527
591,260
591,1380
591,1196
591,432
591,2324
591,215
591,6874
592,344
592,552
592,1704
592,553
592,1231
592,1584
592,17
592,1233
592,5816
592,60
593,4226
593,26
593,1258
593,3147
593,1196
593,587
593,719
593,1394
593,2324
593,986
594,1569
594,708
594,838
594,440
594,1704
594,973
594,783
594,17
594,5816
595,2240
595,4226
595,2435
595,6790
595,2791
595,1580
595,302
595,1458
595,2391
595,3257
596,1258
596,5995
596,1196
596,588
596,17
596,2355
596,791
596,1240
596,986
597,4226
597,5573
597,17
597,785
597,371
597,2355
597,597
597,986
597,926
598,4896
598,55269
598,64614
598,6378
598,81834
598,129229
598,4878
598,8366
598,73017
598,74458
599,1376
599,1249
599,4226
599,1089
599,3147
599,1036
599,1196
599,464
599,926
599,8638
600,224
600,1089
600,4226
600,5573
600,5446
600,2120
600,1196
600,1199
600,1270
600,5816
601,4226
601,95558
601,903
601,5995
601,3147
601,2355
601,6936
601,1213
602,4226
602,1704
602,11
602,719
602,17
602,371
602,5816
602,381
602,926
603,4160
603,4695
603,1036
603,17
603,2355
603,1213
603,986
603,381
603,926
604,66
604,165
604,838
604,11
604,494
604,1042
604,1270
604,5816
604,986
604,126
605,353
605,8167
605,1196
605,588
605,1231
605,592
605,17
605,2355
605,79895
605,6232
606,1569
606,4226
606,31973
606,838
606,5486
606,1199
606,46965
606,1270
606,917
606,4828
607,4160
607,1704
607,3147
607,1231
607,208
607,2737
607,2355
607,3476
607,4565
607,185
608,1249
608,4226
608,1089
608,1704
608,3147
608,434
608,8371
608,5880
608,1213
609,1089
609,1860
609,2120
609,648
609,7336
609,3147
609,432
609,434
609,2324
609,46367
610,4226
610,1704
610,1036
610,464
610,2355
610,1267
610,46965
610,1270
610,1213
